transaction_id,customer_id,date,description,payee,amount,channel,category,region
C001-T036,C001,2026-01-01T14:16:59,Retail purchase at Bright Fitness,Bright Fitness,45.65,online,retail,nearby_region
C001-T049,C001,2026-01-12T08:21:49,Fuel purchase at North Fuel,North Fuel,92.1,ach,fuel,home_region
C001-T034,C001,2026-01-13T18:34:53,Groceries purchase at Metro Grocery,Metro Grocery,135.91,card,groceries,home_region
C001-T031,C001,2026-01-14T18:41:41,Transport purchase at City Transit,City Transit,16.0,online,transport,home_region
C001-T023,C001,2026-01-15T11:56:36,Transport purchase at City Transit,City Transit,19.3how th1,ach,transport,home_region
C001-T038,C001,2026-01-16T19:20:03,Groceries purchase at Metro Grocery,Metro Grocery,85.11,online,groceries,nearby_region
C001-T017,C001,2026-01-17T14:24:38,Retail purchase at Bright Fitness,Bright Fitness,77.84,online,retail,home_region
C001-T009,C001,2026-01-21T11:55:06,Fitness purchase at Luma Utilities,Luma Utilities,44.69,online,fitness,home_region
C001-T041,C001,2026-01-21T14:42:37,Utilities purchase at Orbit Telecom,Orbit Telecom,131.38,card,utilities,home_region
C001-T006,C001,2026-01-24T14:06:22,Utilities purchase at Orbit Telecom,Orbit Telecom,87.69,card,utilities,home_region
C001-T046,C001,2026-01-27T10:16:07,Transport purchase at City Transit,City Transit,106.0,card,transport,home_region
C001-T032,C001,2026-01-28T11:12:12,Retail purchase at Bright Fitness,Bright Fitness,26.5,card,retail,home_region
C001-T060,C001,2026-01-28T17:27:22,Utilities purchase at Orbit Telecom,Orbit Telecom,65.6,online,utilities,home_region
C001-T001,C001,2026-01-29T08:47:17,Health purchase at River Pharmacy,River Pharmacy,37.46,online,health,home_region
C001-T018,C001,2026-01-30T18:56:34,Dining purchase at Cloud Bistro,Cloud Bistro,109.46,ach,dining,home_region
C001-T044,C001,2026-02-03T13:56:04,Health purchase at River Pharmacy,River Pharmacy,56.78,card,health,home_region
C001-T069,C001,2026-02-07T08:02:15,Retail purchase at Bright Fitness,Bright Fitness,88.69,card,retail,home_region
C001-T039,C001,2026-02-10T08:32:05,Fuel purchase at North Fuel,North Fuel,17.04,card,fuel,home_region
C001-T010,C001,2026-02-11T13:22:13,Dining purchase at Cloud Bistro,Cloud Bistro,100.64,online,dining,home_region
C001-T011,C001,2026-02-13T16:46:15,Fuel purchase at North Fuel,North Fuel,69.02,ach,fuel,nearby_region
C001-T065,C001,2026-02-14T17:36:19,Fitness purchase at Luma Utilities,Luma Utilities,80.33,card,fitness,home_region
C001-T030,C001,2026-02-18T09:06:42,Fitness purchase at Luma Utilities,Luma Utilities,54.77,ach,fitness,home_region
C001-T021,C001,2026-02-20T10:23:48,Fuel purchase at North Fuel,North Fuel,79.2,online,fuel,home_region
C001-T012,C001,2026-02-26T18:20:53,Groceries purchase at Metro Grocery,Metro Grocery,38.23,card,groceries,home_region
C001-T028,C001,2026-02-28T09:57:02,Utilities purchase at Orbit Telecom,Orbit Telecom,17.35,card,utilities,home_region
C001-T054,C001,2026-03-02T10:51:51,Fuel purchase at North Fuel,North Fuel,124.35,card,fuel,home_region
C001-T042,C001,2026-03-03T12:25:08,Dining purchase at Cloud Bistro,Cloud Bistro,68.35,card,dining,home_region
C001-T047,C001,2026-03-14T17:13:45,Utilities purchase at Orbit Telecom,Orbit Telecom,34.87,online,utilities,home_region
C001-T066,C001,2026-03-15T11:27:50,Utilities purchase at Orbit Telecom,Orbit Telecom,69.38,ach,utilities,home_region
C001-T019,C001,2026-03-17T14:10:29,Groceries purchase at Metro Grocery,Metro Grocery,133.9,online,groceries,home_region
C001-T057,C001,2026-03-20T20:55:14,Health purchase at River Pharmacy,River Pharmacy,11.12,card,health,home_region
C001-T063,C001,2026-03-22T18:54:07,Dining purchase at Cloud Bistro,Cloud Bistro,74.94,online,dining,home_region
C001-T022,C001,2026-03-24T15:01:07,Utilities purchase at Orbit Telecom,Orbit Telecom,123.99,ach,utilities,home_region
C001-T064,C001,2026-03-25T14:44:18,Fuel purchase at North Fuel,North Fuel,33.32,online,fuel,home_region
C001-T058,C001,2026-03-26T12:55:04,Dining purchase at Cloud Bistro,Cloud Bistro,54.35,online,dining,home_region
C001-T068,C001,2026-03-27T09:52:48,Health purchase at River Pharmacy,River Pharmacy,96.81,card,health,home_region
C001-T055,C001,2026-03-27T20:59:26,Health purchase at River Pharmacy,River Pharmacy,43.22,online,health,home_region
C001-T053,C001,2026-04-01T20:35:56,Fitness purchase at Luma Utilities,Luma Utilities,136.55,online,fitness,home_region
C001-T008,C001,2026-04-03T17:12:45,Transport purchase at City Transit,City Transit,14.05,card,transport,home_region
C001-T052,C001,2026-04-04T20:55:02,Utilities purchase at Orbit Telecom,Orbit Telecom,35.73,card,utilities,home_region
C001-T056,C001,2026-04-08T08:54:30,Health purchase at River Pharmacy,River Pharmacy,34.34,ach,health,home_region
C001-T061,C001,2026-04-09T17:12:16,Groceries purchase at Metro Grocery,Metro Grocery,101.56,card,groceries,nearby_region
C001-T013,C001,2026-04-13T12:04:13,Utilities purchase at Orbit Telecom,Orbit Telecom,36.07,ach,utilities,home_region
C001-T040,C001,2026-04-14T09:56:36,Health purchase at River Pharmacy,River Pharmacy,84.42,card,health,nearby_region
C001-T035,C001,2026-04-15T15:30:13,Fitness purchase at Luma Utilities,Luma Utilities,127.12,card,fitness,home_region
C001-T070,C001,2026-04-17T18:36:12,Fitness purchase at Luma Utilities,Luma Utilities,73.26,card,fitness,home_region
C001-T004,C001,2026-04-18T11:28:37,Dining purchase at Cloud Bistro,Cloud Bistro,114.84,card,dining,home_region
C001-T005,C001,2026-04-19T13:17:09,Health purchase at River Pharmacy,River Pharmacy,134.35,ach,health,home_region
C001-T026,C001,2026-04-23T16:28:07,Health purchase at River Pharmacy,River Pharmacy,37.66,ach,health,home_region
C001-T050,C001,2026-04-24T16:45:27,Groceries purchase at Metro Grocery,Metro Grocery,22.77,online,groceries,home_region
C001-T014,C001,2026-04-28T10:16:08,Health purchase at River Pharmacy,River Pharmacy,106.34,online,health,home_region
C001-T043,C001,2026-04-28T17:36:06,Transport purchase at City Transit,City Transit,78.97,online,transport,home_region
C001-T033,C001,2026-04-29T11:55:59,Transport purchase at City Transit,City Transit,66.49,online,transport,home_region
C001-T037,C001,2026-05-05T10:12:18,Health purchase at River Pharmacy,River Pharmacy,135.87,online,health,nearby_region
C001-T029,C001,2026-05-05T11:34:08,Retail purchase at Bright Fitness,Bright Fitness,40.08,ach,retail,home_region
C001-T016,C001,2026-05-07T09:48:03,Transport purchase at City Transit,City Transit,28.18,card,transport,home_region
C001-T020,C001,2026-05-09T20:11:32,Transport purchase at City Transit,City Transit,122.91,ach,transport,nearby_region
C001-T048,C001,2026-05-10T15:16:57,Groceries purchase at Metro Grocery,Metro Grocery,20.18,ach,groceries,home_region
C001-T003,C001,2026-05-10T17:01:35,Health purchase at River Pharmacy,River Pharmacy,102.51,online,health,nearby_region
C001-T067,C001,2026-05-11T15:50:57,Fuel purchase at North Fuel,North Fuel,94.97,ach,fuel,nearby_region
C001-T025,C001,2026-05-16T17:27:13,Health purchase at River Pharmacy,River Pharmacy,102.11,ach,health,home_region
C001-T024,C001,2026-05-17T20:08:08,Retail purchase at Bright Fitness,Bright Fitness,132.98,card,retail,home_region
C001-T007,C001,2026-05-18T09:59:24,Transport purchase at City Transit,City Transit,80.87,online,transport,nearby_region
C001-T059,C001,2026-05-18T13:01:07,Dining purchase at Cloud Bistro,Cloud Bistro,31.57,ach,dining,home_region
C001-T062,C001,2026-05-18T18:46:47,Health purchase at River Pharmacy,River Pharmacy,56.08,card,health,home_region
C001-T051,C001,2026-05-20T08:53:23,Fuel purchase at North Fuel,North Fuel,64.73,card,fuel,home_region
C001-T002,C001,2026-05-20T09:37:27,Groceries purchase at Metro Grocery,Metro Grocery,11.93,card,groceries,home_region
C001-T045,C001,2026-05-20T19:19:39,Groceries purchase at Metro Grocery,Metro Grocery,96.16,online,groceries,home_region
C001-T015,C001,2026-05-30T14:57:37,Fitness purchase at Luma Utilities,Luma Utilities,55.78,card,fitness,nearby_region
C001-T027,C001,2026-05-31T16:14:37,Health purchase at River Pharmacy,River Pharmacy,8.95,online,health,home_region
C002-T001,C002,2026-01-02T20:55:49,Transport purchase at City Transit,City Transit,110.75,card,transport,home_region
C002-T060,C002,2026-01-04T16:26:05,Health purchase at River Pharmacy,River Pharmacy,138.98,card,health,home_region
C002-T038,C002,2026-01-04T17:18:30,Retail purchase at Bright Fitness,Bright Fitness,66.14,card,retail,home_region
C002-T031,C002,2026-01-05T09:18:14,Fitness purchase at Luma Utilities,Luma Utilities,99.32,ach,fitness,nearby_region
C002-T037,C002,2026-01-12T08:35:18,Fuel purchase at North Fuel,North Fuel,92.2,ach,fuel,home_region
C002-T040,C002,2026-01-14T10:09:51,Dining purchase at Cloud Bistro,Cloud Bistro,19.24,card,dining,home_region
C002-T058,C002,2026-01-14T11:17:35,Fuel purchase at North Fuel,North Fuel,130.45,ach,fuel,home_region
C002-T008,C002,2026-01-17T14:26:21,Retail purchase at Bright Fitness,Bright Fitness,62.88,card,retail,home_region
C002-T023,C002,2026-01-18T16:41:21,Groceries purchase at Metro Grocery,Metro Grocery,120.14,ach,groceries,home_region
C002-T017,C002,2026-01-18T20:41:02,Groceries purchase at Metro Grocery,Metro Grocery,133.35,card,groceries,home_region
C002-T048,C002,2026-01-19T08:10:50,Dining purchase at Cloud Bistro,Cloud Bistro,86.55,online,dining,home_region
C002-T046,C002,2026-01-19T18:14:59,Dining purchase at Cloud Bistro,Cloud Bistro,111.99,online,dining,nearby_region
C002-T016,C002,2026-01-21T15:01:47,Groceries purchase at Metro Grocery,Metro Grocery,139.99,ach,groceries,home_region
C002-T043,C002,2026-01-26T20:13:40,Health purchase at River Pharmacy,River Pharmacy,42.93,card,health,home_region
C002-T020,C002,2026-01-28T17:01:59,Dining purchase at Cloud Bistro,Cloud Bistro,84.01,ach,dining,home_region
C002-T061,C002,2026-01-31T18:53:09,Retail purchase at Bright Fitness,Bright Fitness,131.11,ach,retail,nearby_region
C002-T022,C002,2026-01-31T20:36:50,Groceries purchase at Metro Grocery,Metro Grocery,53.83,ach,groceries,home_region
C002-T059,C002,2026-02-01T08:40:38,Health purchase at River Pharmacy,River Pharmacy,101.69,ach,health,nearby_region
C002-T003,C002,2026-02-04T20:29:42,Utilities purchase at Orbit Telecom,Orbit Telecom,133.41,ach,utilities,nearby_region
C002-T018,C002,2026-02-09T11:08:30,Transport purchase at City Transit,City Transit,82.44,card,transport,home_region
C002-T028,C002,2026-02-16T15:13:22,Dining purchase at Cloud Bistro,Cloud Bistro,52.92,online,dining,home_region
C002-T034,C002,2026-02-19T13:07:47,Fuel purchase at North Fuel,North Fuel,33.28,online,fuel,home_region
C002-T021,C002,2026-02-20T09:37:44,Health purchase at River Pharmacy,River Pharmacy,21.45,ach,health,nearby_region
C002-T047,C002,2026-02-20T14:07:34,Health purchase at River Pharmacy,River Pharmacy,93.49,ach,health,home_region
C002-T036,C002,2026-02-28T13:11:19,Groceries purchase at Metro Grocery,Metro Grocery,101.46,card,groceries,home_region
C002-T044,C002,2026-03-03T10:35:04,Fuel purchase at North Fuel,North Fuel,8.35,ach,fuel,nearby_region
C002-T006,C002,2026-03-03T12:28:04,Dining purchase at Cloud Bistro,Cloud Bistro,38.95,ach,dining,home_region
C002-T067,C002,2026-03-03T17:24:14,Fitness purchase at Luma Utilities,Luma Utilities,13.76,online,fitness,home_region
C002-T051,C002,2026-03-06T08:05:14,Groceries purchase at Metro Grocery,Metro Grocery,139.94,online,groceries,home_region
C002-T039,C002,2026-03-06T15:07:52,Transport purchase at City Transit,City Transit,60.89,card,transport,nearby_region
C002-T019,C002,2026-03-07T20:23:10,Transport purchase at City Transit,City Transit,110.67,card,transport,home_region
C002-T026,C002,2026-03-10T13:54:15,Transport purchase at City Transit,City Transit,44.82,ach,transport,home_region
C002-T062,C002,2026-03-11T14:53:30,Retail purchase at Bright Fitness,Bright Fitness,40.17,online,retail,home_region
C002-T035,C002,2026-03-12T19:37:48,Dining purchase at Cloud Bistro,Cloud Bistro,137.43,card,dining,home_region
C002-T053,C002,2026-03-13T10:37:27,Retail purchase at Bright Fitness,Bright Fitness,135.92,ach,retail,home_region
C002-T056,C002,2026-03-24T09:49:25,Groceries purchase at Metro Grocery,Metro Grocery,94.81,online,groceries,home_region
C002-T033,C002,2026-03-26T13:44:29,Dining purchase at Cloud Bistro,Cloud Bistro,48.47,card,dining,home_region
C002-T066,C002,2026-03-27T16:48:34,Fitness purchase at Luma Utilities,Luma Utilities,68.11,ach,fitness,home_region
C002-T015,C002,2026-03-28T20:56:24,Dining purchase at Cloud Bistro,Cloud Bistro,107.27,ach,dining,home_region
C002-T064,C002,2026-03-29T20:32:17,Groceries purchase at Metro Grocery,Metro Grocery,45.33,ach,groceries,nearby_region
C002-T032,C002,2026-04-05T15:35:33,Utilities purchase at Orbit Telecom,Orbit Telecom,64.17,online,utilities,nearby_region
C002-T068,C002,2026-04-08T14:42:50,Fuel purchase at North Fuel,North Fuel,73.38,card,fuel,home_region
C002-T063,C002,2026-04-09T11:58:38,Fuel purchase at North Fuel,North Fuel,122.05,ach,fuel,home_region
C002-T009,C002,2026-04-10T20:37:44,Groceries purchase at Metro Grocery,Metro Grocery,121.09,online,groceries,home_region
C002-T054,C002,2026-04-15T13:20:42,Transport purchase at City Transit,City Transit,121.22,ach,transport,home_region
C002-T057,C002,2026-04-16T08:12:33,Utilities purchase at Orbit Telecom,Orbit Telecom,90.19,ach,utilities,home_region
C002-T024,C002,2026-04-21T13:40:57,Retail purchase at Bright Fitness,Bright Fitness,101.36,ach,retail,home_region
C002-T049,C002,2026-04-23T09:29:44,Dining purchase at Cloud Bistro,Cloud Bistro,100.36,ach,dining,nearby_region
C002-T042,C002,2026-04-24T12:55:37,Fitness purchase at Luma Utilities,Luma Utilities,48.31,online,fitness,home_region
C002-T005,C002,2026-04-26T12:48:15,Dining purchase at Cloud Bistro,Cloud Bistro,109.09,online,dining,home_region
C002-T014,C002,2026-04-29T10:03:16,Fitness purchase at Luma Utilities,Luma Utilities,51.21,ach,fitness,home_region
C002-T027,C002,2026-04-29T17:39:42,Fitness purchase at Luma Utilities,Luma Utilities,52.4,ach,fitness,home_region
C002-T045,C002,2026-05-01T12:02:14,Dining purchase at Cloud Bistro,Cloud Bistro,101.32,online,dining,home_region
C002-T010,C002,2026-05-03T08:22:19,Fitness purchase at Luma Utilities,Luma Utilities,120.66,ach,fitness,nearby_region
C002-T012,C002,2026-05-05T08:24:21,Fitness purchase at Luma Utilities,Luma Utilities,103.59,ach,fitness,home_region
C002-T055,C002,2026-05-07T12:42:25,Groceries purchase at Metro Grocery,Metro Grocery,68.04,ach,groceries,home_region
C002-T069,C002,2026-05-09T17:21:55,Transport purchase at City Transit,City Transit,123.39,ach,transport,home_region
C002-T004,C002,2026-05-10T14:53:58,Retail purchase at Bright Fitness,Bright Fitness,126.43,online,retail,home_region
C002-T002,C002,2026-05-13T15:03:35,Health purchase at River Pharmacy,River Pharmacy,129.11,card,health,home_region
C002-T025,C002,2026-05-14T18:17:39,Retail purchase at Bright Fitness,Bright Fitness,69.36,online,retail,nearby_region
C002-T070,C002,2026-05-15T15:00:46,Fuel purchase at North Fuel,North Fuel,62.12,online,fuel,home_region
C002-T013,C002,2026-05-17T08:58:25,Groceries purchase at Metro Grocery,Metro Grocery,19.08,ach,groceries,home_region
C002-T007,C002,2026-05-19T09:08:09,Health purchase at River Pharmacy,River Pharmacy,58.56,card,health,home_region
C002-T050,C002,2026-05-19T15:28:05,Groceries purchase at Metro Grocery,Metro Grocery,125.4,online,groceries,home_region
C002-T011,C002,2026-05-20T20:38:57,Health purchase at River Pharmacy,River Pharmacy,72.45,ach,health,home_region
C002-T029,C002,2026-05-23T08:33:12,Transport purchase at City Transit,City Transit,39.86,ach,transport,home_region
C002-T030,C002,2026-05-23T20:15:44,Retail purchase at Bright Fitness,Bright Fitness,93.26,ach,retail,home_region
C002-T041,C002,2026-05-23T20:26:38,Health purchase at River Pharmacy,River Pharmacy,110.39,ach,health,home_region
C002-T052,C002,2026-05-28T08:48:48,Fuel purchase at North Fuel,North Fuel,70.11,online,fuel,home_region
C002-T065,C002,2026-05-29T18:31:55,Fuel purchase at North Fuel,North Fuel,66.94,ach,fuel,home_region
C003-T032,C003,2026-01-01T12:54:09,Fuel purchase at North Fuel,North Fuel,79.31,card,fuel,home_region
C003-T033,C003,2026-01-07T10:00:22,Health purchase at River Pharmacy,River Pharmacy,85.73,card,health,home_region
C003-T005,C003,2026-01-08T08:20:50,Groceries purchase at Metro Grocery,Metro Grocery,46.72,ach,groceries,home_region
C003-T036,C003,2026-01-12T19:50:58,Dining purchase at Cloud Bistro,Cloud Bistro,68.46,card,dining,home_region
C003-T045,C003,2026-01-14T12:38:19,Utilities purchase at Orbit Telecom,Orbit Telecom,21.68,online,utilities,home_region
C003-T069,C003,2026-01-15T13:53:18,Transport purchase at City Transit,City Transit,93.1,card,transport,nearby_region
C003-T058,C003,2026-01-19T14:55:47,Groceries purchase at Metro Grocery,Metro Grocery,65.58,ach,groceries,home_region
C003-T001,C003,2026-01-20T15:50:16,Utilities purchase at Orbit Telecom,Orbit Telecom,90.27,ach,utilities,home_region
C003-T038,C003,2026-01-21T13:38:09,Transport purchase at City Transit,City Transit,24.66,online,transport,nearby_region
C003-T052,C003,2026-01-22T08:09:10,Groceries purchase at Metro Grocery,Metro Grocery,96.96,ach,groceries,home_region
C003-T004,C003,2026-01-24T14:06:48,Transport purchase at City Transit,City Transit,66.57,online,transport,home_region
C003-T040,C003,2026-01-26T20:44:07,Health purchase at River Pharmacy,River Pharmacy,64.77,card,health,home_region
C003-T021,C003,2026-01-28T18:14:30,Groceries purchase at Metro Grocery,Metro Grocery,89.78,online,groceries,home_region
C003-T023,C003,2026-01-30T10:02:02,Dining purchase at Cloud Bistro,Cloud Bistro,139.46,card,dining,home_region
C003-T060,C003,2026-01-30T14:01:20,Fuel purchase at North Fuel,North Fuel,113.77,online,fuel,home_region
C003-T047,C003,2026-01-30T20:17:36,Health purchase at River Pharmacy,River Pharmacy,114.55,online,health,nearby_region
C003-T030,C003,2026-02-02T20:36:13,Transport purchase at City Transit,City Transit,117.54,online,transport,home_region
C003-T057,C003,2026-02-03T14:34:45,Health purchase at River Pharmacy,River Pharmacy,74.03,online,health,home_region
C003-T050,C003,2026-02-06T19:40:01,Transport purchase at City Transit,City Transit,106.49,card,transport,home_region
C003-T006,C003,2026-02-07T11:33:26,Fuel purchase at North Fuel,North Fuel,30.44,card,fuel,nearby_region
C003-T046,C003,2026-02-09T18:30:14,Transport purchase at City Transit,City Transit,54.22,online,transport,home_region
C003-T063,C003,2026-02-13T09:32:40,Transport purchase at City Transit,City Transit,78.04,card,transport,home_region
C003-T065,C003,2026-02-20T10:38:09,Transport purchase at City Transit,City Transit,31.38,online,transport,home_region
C003-T029,C003,2026-02-24T18:40:38,Groceries purchase at Metro Grocery,Metro Grocery,14.68,ach,groceries,home_region
C003-T055,C003,2026-02-26T14:38:03,Groceries purchase at Metro Grocery,Metro Grocery,34.98,card,groceries,home_region
C003-T022,C003,2026-02-26T18:04:40,Retail purchase at Bright Fitness,Bright Fitness,128.04,ach,retail,home_region
C003-T011,C003,2026-03-02T14:36:22,Dining purchase at Cloud Bistro,Cloud Bistro,139.04,ach,dining,home_region
C003-T024,C003,2026-03-02T16:08:24,Retail purchase at Bright Fitness,Bright Fitness,56.97,online,retail,nearby_region
C003-T010,C003,2026-03-06T15:54:19,Health purchase at River Pharmacy,River Pharmacy,139.92,ach,health,home_region
C003-T014,C003,2026-03-06T18:48:46,Fuel purchase at North Fuel,North Fuel,90.93,online,fuel,home_region
C003-T056,C003,2026-03-07T12:20:07,Groceries purchase at Metro Grocery,Metro Grocery,73.65,ach,groceries,home_region
C003-T034,C003,2026-03-09T08:08:47,Fitness purchase at Luma Utilities,Luma Utilities,77.44,online,fitness,home_region
C003-T068,C003,2026-03-12T17:03:22,Transport purchase at City Transit,City Transit,48.97,ach,transport,home_region
C003-T013,C003,2026-03-15T20:51:14,Utilities purchase at Orbit Telecom,Orbit Telecom,36.91,card,utilities,nearby_region
C003-T015,C003,2026-03-21T20:28:02,Utilities purchase at Orbit Telecom,Orbit Telecom,104.67,card,utilities,home_region
C003-T059,C003,2026-03-22T17:27:36,Fitness purchase at Luma Utilities,Luma Utilities,101.65,ach,fitness,home_region
C003-T067,C003,2026-03-24T18:20:09,Retail purchase at Bright Fitness,Bright Fitness,17.01,ach,retail,home_region
C003-T016,C003,2026-03-25T19:26:11,Health purchase at River Pharmacy,River Pharmacy,25.45,online,health,home_region
C003-T002,C003,2026-03-26T18:54:34,Fitness purchase at Luma Utilities,Luma Utilities,133.95,online,fitness,home_region
C003-T049,C003,2026-03-28T13:00:11,Fuel purchase at North Fuel,North Fuel,82.75,ach,fuel,home_region
C003-T041,C003,2026-03-28T15:25:26,Transport purchase at City Transit,City Transit,49.26,ach,transport,home_region
C003-T018,C003,2026-03-28T20:07:29,Transport purchase at City Transit,City Transit,26.58,card,transport,home_region
C003-T054,C003,2026-03-30T14:07:18,Retail purchase at Bright Fitness,Bright Fitness,77.56,ach,retail,home_region
C003-T064,C003,2026-03-31T19:52:41,Fuel purchase at North Fuel,North Fuel,39.19,card,fuel,home_region
C003-T028,C003,2026-04-02T08:25:17,Health purchase at River Pharmacy,River Pharmacy,135.8,ach,health,home_region
C003-T061,C003,2026-04-03T09:27:54,Transport purchase at City Transit,City Transit,40.12,online,transport,home_region
C003-T042,C003,2026-04-06T10:43:59,Retail purchase at Bright Fitness,Bright Fitness,16.86,card,retail,home_region
C003-T007,C003,2026-04-08T17:43:15,Retail purchase at Bright Fitness,Bright Fitness,128.49,card,retail,home_region
C003-T012,C003,2026-04-12T12:00:36,Groceries purchase at Metro Grocery,Metro Grocery,128.2,online,groceries,home_region
C003-T051,C003,2026-04-18T15:21:10,Utilities purchase at Orbit Telecom,Orbit Telecom,49.14,ach,utilities,nearby_region
C003-T025,C003,2026-04-18T17:47:46,Fuel purchase at North Fuel,North Fuel,124.87,online,fuel,home_region
C003-T053,C003,2026-04-19T15:38:28,Fitness purchase at Luma Utilities,Luma Utilities,44.06,online,fitness,home_region
C003-T043,C003,2026-04-21T09:47:47,Utilities purchase at Orbit Telecom,Orbit Telecom,115.15,online,utilities,home_region
C003-T027,C003,2026-04-24T11:54:23,Transport purchase at City Transit,City Transit,137.48,ach,transport,nearby_region
C003-T020,C003,2026-04-27T13:43:47,Dining purchase at Cloud Bistro,Cloud Bistro,85.16,online,dining,home_region
C003-T008,C003,2026-04-29T18:16:29,Dining purchase at Cloud Bistro,Cloud Bistro,96.02,ach,dining,home_region
C003-T066,C003,2026-04-29T20:36:48,Retail purchase at Bright Fitness,Bright Fitness,97.91,online,retail,nearby_region
C003-T035,C003,2026-05-02T15:49:23,Transport purchase at City Transit,City Transit,67.66,card,transport,nearby_region
C003-T037,C003,2026-05-03T14:27:43,Transport purchase at City Transit,City Transit,72.72,ach,transport,home_region
C003-T026,C003,2026-05-06T17:26:17,Groceries purchase at Metro Grocery,Metro Grocery,99.12,card,groceries,home_region
C003-T070,C003,2026-05-10T14:29:37,Groceries purchase at Metro Grocery,Metro Grocery,67.36,online,groceries,home_region
C003-T062,C003,2026-05-15T09:25:55,Dining purchase at Cloud Bistro,Cloud Bistro,106.45,card,dining,home_region
C003-T017,C003,2026-05-16T16:58:17,Fuel purchase at North Fuel,North Fuel,41.92,ach,fuel,home_region
C003-T003,C003,2026-05-19T08:39:04,Health purchase at River Pharmacy,River Pharmacy,91.31,ach,health,home_region
C003-T009,C003,2026-05-20T10:04:28,Utilities purchase at Orbit Telecom,Orbit Telecom,138.37,ach,utilities,home_region
C003-T039,C003,2026-05-21T19:20:24,Dining purchase at Cloud Bistro,Cloud Bistro,67.89,online,dining,home_region
C003-T048,C003,2026-05-23T08:38:59,Dining purchase at Cloud Bistro,Cloud Bistro,11.82,ach,dining,home_region
C003-T019,C003,2026-05-23T13:05:50,Fitness purchase at Luma Utilities,Luma Utilities,9.84,online,fitness,home_region
C003-T071,C003,2026-05-30T14:15:00,One-time escrow transfer,Summit Escrow Services,2400.0,ach,housing,home_region
C003-T031,C003,2026-05-31T11:52:55,Health purchase at River Pharmacy,River Pharmacy,51.37,card,health,nearby_region
C003-T044,C003,2026-05-31T16:35:21,Transport purchase at City Transit,City Transit,62.23,online,transport,home_region
C004-T052,C004,2026-01-07T13:35:36,Utilities purchase at Orbit Telecom,Orbit Telecom,69.7,online,utilities,home_region
C004-T025,C004,2026-01-17T09:53:57,Retail purchase at Bright Fitness,Bright Fitness,86.77,card,retail,nearby_region
C004-T005,C004,2026-01-17T13:06:35,Fitness purchase at Luma Utilities,Luma Utilities,45.51,online,fitness,nearby_region
C004-T054,C004,2026-01-19T10:20:41,Transport purchase at City Transit,City Transit,67.4,online,transport,nearby_region
C004-T020,C004,2026-01-21T13:14:01,Utilities purchase at Orbit Telecom,Orbit Telecom,130.87,online,utilities,home_region
C004-T038,C004,2026-01-22T19:27:05,Fitness purchase at Luma Utilities,Luma Utilities,87.52,card,fitness,nearby_region
C004-T053,C004,2026-01-23T09:19:25,Retail purchase at Bright Fitness,Bright Fitness,77.39,ach,retail,nearby_region
C004-T049,C004,2026-01-23T20:43:54,Utilities purchase at Orbit Telecom,Orbit Telecom,96.15,online,utilities,home_region
C004-T047,C004,2026-01-31T12:49:16,Retail purchase at Bright Fitness,Bright Fitness,36.32,online,retail,home_region
C004-T036,C004,2026-02-01T20:23:27,Fitness purchase at Luma Utilities,Luma Utilities,106.12,ach,fitness,home_region
C004-T008,C004,2026-02-02T18:44:53,Transport purchase at City Transit,City Transit,93.28,ach,transport,nearby_region
C004-T007,C004,2026-02-03T17:45:05,Dining purchase at Cloud Bistro,Cloud Bistro,81.78,online,dining,home_region
C004-T031,C004,2026-02-04T08:22:34,Utilities purchase at Orbit Telecom,Orbit Telecom,115.38,card,utilities,home_region
C004-T021,C004,2026-02-07T10:02:18,Retail purchase at Bright Fitness,Bright Fitness,99.88,card,retail,home_region
C004-T006,C004,2026-02-08T13:05:37,Fuel purchase at North Fuel,North Fuel,129.01,ach,fuel,home_region
C004-T059,C004,2026-02-13T17:37:09,Fuel purchase at North Fuel,North Fuel,94.95,online,fuel,nearby_region
C004-T037,C004,2026-02-17T15:44:31,Utilities purchase at Orbit Telecom,Orbit Telecom,130.01,online,utilities,home_region
C004-T010,C004,2026-02-19T11:08:09,Transport purchase at City Transit,City Transit,47.04,card,transport,nearby_region
C004-T057,C004,2026-02-27T13:33:57,Dining purchase at Cloud Bistro,Cloud Bistro,119.66,ach,dining,home_region
C004-T014,C004,2026-03-01T16:15:19,Retail purchase at Bright Fitness,Bright Fitness,127.32,card,retail,home_region
C004-T070,C004,2026-03-03T11:37:22,Groceries purchase at Metro Grocery,Metro Grocery,14.67,ach,groceries,nearby_region
C004-T066,C004,2026-03-03T15:07:17,Retail purchase at Bright Fitness,Bright Fitness,40.73,card,retail,home_region
C004-T027,C004,2026-03-03T17:26:11,Transport purchase at City Transit,City Transit,77.1,ach,transport,home_region
C004-T030,C004,2026-03-03T19:42:40,Transport purchase at City Transit,City Transit,109.84,online,transport,home_region
C004-T061,C004,2026-03-09T18:13:49,Fitness purchase at Luma Utilities,Luma Utilities,89.59,card,fitness,home_region
C004-T046,C004,2026-03-13T11:07:01,Fuel purchase at North Fuel,North Fuel,73.87,ach,fuel,nearby_region
C004-T035,C004,2026-03-15T13:55:49,Groceries purchase at Metro Grocery,Metro Grocery,122.29,ach,groceries,home_region
C004-T067,C004,2026-03-16T14:55:39,Fitness purchase at Luma Utilities,Luma Utilities,40.77,card,fitness,home_region
C004-T033,C004,2026-03-17T11:02:50,Health purchase at River Pharmacy,River Pharmacy,124.92,ach,health,home_region
C004-T039,C004,2026-03-17T13:06:05,Utilities purchase at Orbit Telecom,Orbit Telecom,95.24,ach,utilities,home_region
C004-T063,C004,2026-03-18T15:04:44,Groceries purchase at Metro Grocery,Metro Grocery,28.87,ach,groceries,home_region
C004-T024,C004,2026-03-19T09:03:15,Fitness purchase at Luma Utilities,Luma Utilities,92.34,online,fitness,home_region
C004-T001,C004,2026-03-24T17:30:32,Fuel purchase at North Fuel,North Fuel,134.42,ach,fuel,home_region
C004-T060,C004,2026-03-28T17:02:52,Groceries purchase at Metro Grocery,Metro Grocery,18.72,online,groceries,nearby_region
C004-T002,C004,2026-03-29T19:05:32,Fuel purchase at North Fuel,North Fuel,13.17,online,fuel,home_region
C004-T055,C004,2026-03-30T10:56:53,Fuel purchase at North Fuel,North Fuel,109.35,card,fuel,home_region
C004-T065,C004,2026-03-30T14:08:48,Utilities purchase at Orbit Telecom,Orbit Telecom,75.98,card,utilities,home_region
C004-T019,C004,2026-03-31T08:26:03,Fitness purchase at Luma Utilities,Luma Utilities,74.26,card,fitness,home_region
C004-T009,C004,2026-04-03T08:23:19,Fuel purchase at North Fuel,North Fuel,133.55,ach,fuel,home_region
C004-T051,C004,2026-04-03T16:14:07,Health purchase at River Pharmacy,River Pharmacy,112.55,card,health,home_region
C004-T042,C004,2026-04-04T16:51:47,Fuel purchase at North Fuel,North Fuel,133.77,card,fuel,nearby_region
C004-T013,C004,2026-04-04T18:46:15,Retail purchase at Bright Fitness,Bright Fitness,88.6,online,retail,home_region
C004-T017,C004,2026-04-06T16:59:06,Transport purchase at City Transit,City Transit,45.63,card,transport,home_region
C004-T012,C004,2026-04-07T10:10:11,Fuel purchase at North Fuel,North Fuel,103.2,card,fuel,home_region
C004-T044,C004,2026-04-09T17:02:38,Fuel purchase at North Fuel,North Fuel,97.64,ach,fuel,home_region
C004-T029,C004,2026-04-10T13:16:47,Groceries purchase at Metro Grocery,Metro Grocery,55.14,card,groceries,home_region
C004-T004,C004,2026-04-15T20:21:43,Groceries purchase at Metro Grocery,Metro Grocery,112.18,online,groceries,home_region
C004-T016,C004,2026-04-18T10:52:12,Fuel purchase at North Fuel,North Fuel,123.24,card,fuel,home_region
C004-T040,C004,2026-04-20T10:44:28,Utilities purchase at Orbit Telecom,Orbit Telecom,67.02,online,utilities,home_region
C004-T041,C004,2026-04-22T12:40:50,Groceries purchase at Metro Grocery,Metro Grocery,17.91,online,groceries,home_region
C004-T043,C004,2026-04-23T08:08:04,Health purchase at River Pharmacy,River Pharmacy,110.76,ach,health,home_region
C004-T003,C004,2026-04-23T16:33:39,Fuel purchase at North Fuel,North Fuel,56.03,ach,fuel,home_region
C004-T045,C004,2026-04-24T20:04:36,Fuel purchase at North Fuel,North Fuel,77.89,ach,fuel,home_region
C004-T022,C004,2026-04-25T17:00:57,Transport purchase at City Transit,City Transit,10.51,card,transport,home_region
C004-T018,C004,2026-04-26T16:09:53,Fitness purchase at Luma Utilities,Luma Utilities,20.11,card,fitness,home_region
C004-T064,C004,2026-04-29T11:21:38,Fuel purchase at North Fuel,North Fuel,49.26,online,fuel,home_region
C004-T032,C004,2026-05-03T18:11:51,Fuel purchase at North Fuel,North Fuel,16.33,ach,fuel,home_region
C004-T048,C004,2026-05-06T11:07:08,Transport purchase at City Transit,City Transit,67.67,online,transport,home_region
C004-T069,C004,2026-05-08T12:31:01,Transport purchase at City Transit,City Transit,132.77,online,transport,home_region
C004-T056,C004,2026-05-09T08:53:07,Fuel purchase at North Fuel,North Fuel,48.14,card,fuel,home_region
C004-T034,C004,2026-05-12T14:52:34,Retail purchase at Bright Fitness,Bright Fitness,41.44,online,retail,home_region
C004-T028,C004,2026-05-15T16:32:50,Groceries purchase at Metro Grocery,Metro Grocery,59.54,ach,groceries,home_region
C004-T011,C004,2026-05-19T19:56:33,Groceries purchase at Metro Grocery,Metro Grocery,95.37,online,groceries,home_region
C004-T062,C004,2026-05-20T12:41:19,Retail purchase at Bright Fitness,Bright Fitness,40.32,online,retail,home_region
C004-T050,C004,2026-05-21T16:18:57,Dining purchase at Cloud Bistro,Cloud Bistro,120.38,online,dining,home_region
C004-T023,C004,2026-05-21T19:38:33,Fitness purchase at Luma Utilities,Luma Utilities,22.68,ach,fitness,home_region
C004-T058,C004,2026-05-22T12:08:40,Dining purchase at Cloud Bistro,Cloud Bistro,89.1,card,dining,nearby_region
C004-T071,C004,2026-05-26T11:05:00,Contractor payment installment,Northline Contractors,165.0,ach,home_services,home_region
C004-T072,C004,2026-05-27T12:05:00,Contractor payment installment,Northline Contractors,176.5,ach,home_services,home_region
C004-T015,C004,2026-05-27T15:29:49,Dining purchase at Cloud Bistro,Cloud Bistro,110.71,online,dining,nearby_region
C004-T026,C004,2026-05-28T11:45:09,Dining purchase at Cloud Bistro,Cloud Bistro,64.66,online,dining,home_region
C004-T073,C004,2026-05-28T13:05:00,Contractor payment installment,Northline Contractors,188.0,ach,home_services,home_region
C004-T068,C004,2026-05-28T19:20:12,Fuel purchase at North Fuel,North Fuel,73.77,online,fuel,home_region
C005-T044,C005,2026-01-01T19:13:37,Transport purchase at City Transit,City Transit,13.98,ach,transport,home_region
C005-T064,C005,2026-01-04T11:59:12,Transport purchase at City Transit,City Transit,106.59,ach,transport,home_region
C005-T052,C005,2026-01-05T11:13:04,Transport purchase at City Transit,City Transit,86.4,ach,transport,nearby_region
C005-T009,C005,2026-01-05T13:21:43,Transport purchase at City Transit,City Transit,137.35,online,transport,home_region
C005-T010,C005,2026-01-07T17:30:16,Health purchase at River Pharmacy,River Pharmacy,103.22,online,health,home_region
C005-T012,C005,2026-01-09T17:44:07,Health purchase at River Pharmacy,River Pharmacy,10.5,ach,health,home_region
C005-T026,C005,2026-01-10T10:26:56,Fuel purchase at North Fuel,North Fuel,131.28,card,fuel,home_region
C005-T063,C005,2026-01-11T09:12:51,Health purchase at River Pharmacy,River Pharmacy,71.28,ach,health,home_region
C005-T053,C005,2026-01-13T11:47:02,Fitness purchase at Luma Utilities,Luma Utilities,65.94,online,fitness,home_region
C005-T054,C005,2026-01-15T10:32:18,Health purchase at River Pharmacy,River Pharmacy,115.68,online,health,nearby_region
C005-T040,C005,2026-01-16T16:57:32,Health purchase at River Pharmacy,River Pharmacy,83.6,card,health,home_region
C005-T035,C005,2026-01-16T18:07:29,Dining purchase at Cloud Bistro,Cloud Bistro,29.08,online,dining,nearby_region
C005-T014,C005,2026-01-16T19:08:33,Health purchase at River Pharmacy,River Pharmacy,82.04,online,health,home_region
C005-T039,C005,2026-01-21T16:28:33,Utilities purchase at Orbit Telecom,Orbit Telecom,18.31,online,utilities,home_region
C005-T067,C005,2026-01-26T20:46:30,Utilities purchase at Orbit Telecom,Orbit Telecom,128.69,ach,utilities,home_region
C005-T004,C005,2026-01-31T10:06:25,Utilities purchase at Orbit Telecom,Orbit Telecom,112.93,ach,utilities,nearby_region
C005-T037,C005,2026-02-04T15:09:29,Utilities purchase at Orbit Telecom,Orbit Telecom,62.89,online,utilities,home_region
C005-T048,C005,2026-02-04T18:55:22,Transport purchase at City Transit,City Transit,31.56,online,transport,home_region
C005-T006,C005,2026-02-05T19:21:51,Retail purchase at Bright Fitness,Bright Fitness,76.55,card,retail,nearby_region
C005-T013,C005,2026-02-08T14:44:13,Fitness purchase at Luma Utilities,Luma Utilities,74.24,online,fitness,home_region
C005-T030,C005,2026-02-11T19:29:41,Dining purchase at Cloud Bistro,Cloud Bistro,102.85,card,dining,home_region
C005-T011,C005,2026-02-13T16:40:46,Fitness purchase at Luma Utilities,Luma Utilities,27.51,online,fitness,home_region
C005-T065,C005,2026-02-22T14:58:15,Utilities purchase at Orbit Telecom,Orbit Telecom,110.37,ach,utilities,home_region
C005-T056,C005,2026-02-26T14:19:17,Groceries purchase at Metro Grocery,Metro Grocery,81.49,online,groceries,home_region
C005-T070,C005,2026-02-28T14:36:53,Health purchase at River Pharmacy,River Pharmacy,73.91,online,health,home_region
C005-T022,C005,2026-03-04T08:42:57,Health purchase at River Pharmacy,River Pharmacy,92.21,card,health,home_region
C005-T061,C005,2026-03-04T12:13:21,Transport purchase at City Transit,City Transit,129.73,ach,transport,home_region
C005-T034,C005,2026-03-10T13:19:37,Groceries purchase at Metro Grocery,Metro Grocery,42.53,ach,groceries,home_region
C005-T051,C005,2026-03-12T11:59:56,Transport purchase at City Transit,City Transit,12.25,online,transport,home_region
C005-T017,C005,2026-03-13T16:19:14,Dining purchase at Cloud Bistro,Cloud Bistro,109.8,online,dining,home_region
C005-T046,C005,2026-03-15T14:11:49,Fuel purchase at North Fuel,North Fuel,109.09,online,fuel,home_region
C005-T031,C005,2026-03-17T17:43:48,Health purchase at River Pharmacy,River Pharmacy,31.17,online,health,home_region
C005-T036,C005,2026-03-21T19:07:40,Dining purchase at Cloud Bistro,Cloud Bistro,56.52,card,dining,home_region
C005-T055,C005,2026-03-23T17:38:49,Utilities purchase at Orbit Telecom,Orbit Telecom,39.27,card,utilities,nearby_region
C005-T025,C005,2026-03-24T12:41:03,Transport purchase at City Transit,City Transit,94.1,card,transport,nearby_region
C005-T041,C005,2026-03-25T16:28:07,Health purchase at River Pharmacy,River Pharmacy,102.63,ach,health,home_region
C005-T008,C005,2026-03-28T16:53:32,Retail purchase at Bright Fitness,Bright Fitness,101.55,ach,retail,home_region
C005-T020,C005,2026-03-30T15:41:16,Retail purchase at Bright Fitness,Bright Fitness,36.25,online,retail,home_region
C005-T016,C005,2026-04-01T18:49:55,Dining purchase at Cloud Bistro,Cloud Bistro,88.53,card,dining,home_region
C005-T005,C005,2026-04-04T20:09:12,Fitness purchase at Luma Utilities,Luma Utilities,74.01,card,fitness,home_region
C005-T047,C005,2026-04-06T14:28:55,Fitness purchase at Luma Utilities,Luma Utilities,57.59,online,fitness,nearby_region
C005-T019,C005,2026-04-08T14:52:22,Fuel purchase at North Fuel,North Fuel,46.34,ach,fuel,home_region
C005-T002,C005,2026-04-14T13:02:25,Groceries purchase at Metro Grocery,Metro Grocery,83.28,card,groceries,home_region
C005-T068,C005,2026-04-16T08:36:55,Health purchase at River Pharmacy,River Pharmacy,105.85,card,health,home_region
C005-T023,C005,2026-04-16T13:45:30,Transport purchase at City Transit,City Transit,97.92,card,transport,home_region
C005-T032,C005,2026-04-20T16:20:05,Fitness purchase at Luma Utilities,Luma Utilities,96.34,card,fitness,home_region
C005-T057,C005,2026-04-20T16:31:03,Utilities purchase at Orbit Telecom,Orbit Telecom,132.29,online,utilities,home_region
C005-T060,C005,2026-04-29T08:35:26,Fitness purchase at Luma Utilities,Luma Utilities,81.56,card,fitness,home_region
C005-T001,C005,2026-05-01T12:34:00,Transport purchase at City Transit,City Transit,64.88,ach,transport,home_region
C005-T033,C005,2026-05-03T13:59:15,Groceries purchase at Metro Grocery,Metro Grocery,42.42,card,groceries,home_region
C005-T018,C005,2026-05-06T13:30:22,Dining purchase at Cloud Bistro,Cloud Bistro,45.99,online,dining,nearby_region
C005-T027,C005,2026-05-07T10:59:47,Dining purchase at Cloud Bistro,Cloud Bistro,123.73,card,dining,home_region
C005-T042,C005,2026-05-11T15:51:03,Retail purchase at Bright Fitness,Bright Fitness,25.42,ach,retail,home_region
C005-T007,C005,2026-05-12T10:20:59,Utilities purchase at Orbit Telecom,Orbit Telecom,29.45,online,utilities,home_region
C005-T058,C005,2026-05-15T13:44:26,Fitness purchase at Luma Utilities,Luma Utilities,27.7,ach,fitness,home_region
C005-T015,C005,2026-05-15T14:20:11,Retail purchase at Bright Fitness,Bright Fitness,128.4,ach,retail,nearby_region
C005-T029,C005,2026-05-15T15:56:08,Retail purchase at Bright Fitness,Bright Fitness,44.01,card,retail,home_region
C005-T049,C005,2026-05-16T10:46:14,Groceries purchase at Metro Grocery,Metro Grocery,107.82,ach,groceries,home_region
C005-T066,C005,2026-05-17T18:22:19,Dining purchase at Cloud Bistro,Cloud Bistro,55.47,ach,dining,home_region
C005-T059,C005,2026-05-18T15:15:54,Health purchase at River Pharmacy,River Pharmacy,47.7,online,health,home_region
C005-T062,C005,2026-05-18T19:53:12,Groceries purchase at Metro Grocery,Metro Grocery,43.44,online,groceries,nearby_region
C005-T038,C005,2026-05-18T20:42:52,Health purchase at River Pharmacy,River Pharmacy,108.57,online,health,nearby_region
C005-T045,C005,2026-05-19T08:59:57,Transport purchase at City Transit,City Transit,138.17,ach,transport,home_region
C005-T050,C005,2026-05-20T14:34:24,Health purchase at River Pharmacy,River Pharmacy,40.67,ach,health,home_region
C005-T024,C005,2026-05-21T10:26:41,Retail purchase at Bright Fitness,Bright Fitness,71.02,card,retail,home_region
C005-T071,C005,2026-05-22T02:10:00,Late-night online subscription,StreamGrid Media,48.0,online,entertainment,home_region
C005-T003,C005,2026-05-22T12:04:24,Retail purchase at Bright Fitness,Bright Fitness,108.9,ach,retail,nearby_region
C005-T069,C005,2026-05-22T17:37:46,Fitness purchase at Luma Utilities,Luma Utilities,46.97,card,fitness,home_region
C005-T072,C005,2026-05-23T02:11:00,Late-night online subscription,StreamGrid Media,50.5,online,entertainment,home_region
C005-T073,C005,2026-05-24T02:12:00,Late-night online subscription,StreamGrid Media,53.0,online,entertainment,home_region
C005-T021,C005,2026-05-24T19:17:08,Transport purchase at City Transit,City Transit,89.27,online,transport,home_region
C005-T074,C005,2026-05-25T02:13:00,Late-night online subscription,StreamGrid Media,55.5,online,entertainment,home_region
C005-T043,C005,2026-05-25T08:35:29,Dining purchase at Cloud Bistro,Cloud Bistro,103.47,ach,dining,home_region
C005-T028,C005,2026-05-26T17:06:59,Utilities purchase at Orbit Telecom,Orbit Telecom,45.56,online,utilities,nearby_region
C006-T004,C006,2026-01-02T14:08:53,Health purchase at River Pharmacy,River Pharmacy,16.97,card,health,home_region
C006-T051,C006,2026-01-02T19:13:13,Dining purchase at Cloud Bistro,Cloud Bistro,107.31,card,dining,nearby_region
C006-T026,C006,2026-01-04T12:26:24,Transport purchase at City Transit,City Transit,103.68,online,transport,home_region
C006-T007,C006,2026-01-05T16:46:17,Dining purchase at Cloud Bistro,Cloud Bistro,10.26,online,dining,home_region
C006-T062,C006,2026-01-08T20:48:14,Dining purchase at Cloud Bistro,Cloud Bistro,12.32,card,dining,nearby_region
C006-T013,C006,2026-01-11T11:13:57,Retail purchase at Bright Fitness,Bright Fitness,43.78,card,retail,home_region
C006-T047,C006,2026-01-18T12:02:51,Transport purchase at City Transit,City Transit,10.98,ach,transport,home_region
C006-T040,C006,2026-01-22T09:49:15,Utilities purchase at Orbit Telecom,Orbit Telecom,29.96,online,utilities,home_region
C006-T012,C006,2026-01-22T15:54:27,Utilities purchase at Orbit Telecom,Orbit Telecom,82.69,card,utilities,nearby_region
C006-T021,C006,2026-01-22T20:39:18,Health purchase at River Pharmacy,River Pharmacy,102.13,card,health,home_region
C006-T011,C006,2026-01-24T14:24:24,Retail purchase at Bright Fitness,Bright Fitness,15.41,card,retail,home_region
C006-T018,C006,2026-01-26T14:14:53,Transport purchase at City Transit,City Transit,52.96,online,transport,nearby_region
C006-T025,C006,2026-01-27T08:05:22,Transport purchase at City Transit,City Transit,86.79,ach,transport,home_region
C006-T052,C006,2026-01-27T20:55:34,Fuel purchase at North Fuel,North Fuel,56.28,card,fuel,home_region
C006-T042,C006,2026-01-28T08:06:16,Health purchase at River Pharmacy,River Pharmacy,75.41,online,health,nearby_region
C006-T023,C006,2026-01-28T09:00:19,Retail purchase at Bright Fitness,Bright Fitness,55.51,ach,retail,home_region
C006-T053,C006,2026-01-30T12:42:55,Retail purchase at Bright Fitness,Bright Fitness,77.66,online,retail,home_region
C006-T064,C006,2026-01-30T12:49:34,Utilities purchase at Orbit Telecom,Orbit Telecom,79.55,card,utilities,home_region
C006-T045,C006,2026-01-30T19:09:22,Dining purchase at Cloud Bistro,Cloud Bistro,53.28,card,dining,nearby_region
C006-T024,C006,2026-02-03T09:11:27,Retail purchase at Bright Fitness,Bright Fitness,81.52,online,retail,home_region
C006-T032,C006,2026-02-04T12:20:38,Health purchase at River Pharmacy,River Pharmacy,71.23,card,health,home_region
C006-T056,C006,2026-02-04T13:07:15,Dining purchase at Cloud Bistro,Cloud Bistro,23.44,ach,dining,home_region
C006-T059,C006,2026-02-05T10:20:53,Retail purchase at Bright Fitness,Bright Fitness,89.76,ach,retail,home_region
C006-T037,C006,2026-02-05T18:19:15,Dining purchase at Cloud Bistro,Cloud Bistro,94.94,online,dining,home_region
C006-T022,C006,2026-02-09T14:45:50,Fuel purchase at North Fuel,North Fuel,105.63,ach,fuel,home_region
C006-T068,C006,2026-02-12T17:08:50,Health purchase at River Pharmacy,River Pharmacy,115.39,card,health,nearby_region
C006-T048,C006,2026-02-12T19:15:33,Fuel purchase at North Fuel,North Fuel,80.85,ach,fuel,nearby_region
C006-T002,C006,2026-02-13T10:46:34,Retail purchase at Bright Fitness,Bright Fitness,32.29,online,retail,home_region
C006-T055,C006,2026-02-14T18:45:51,Dining purchase at Cloud Bistro,Cloud Bistro,129.27,online,dining,home_region
C006-T008,C006,2026-02-15T09:58:06,Fuel purchase at North Fuel,North Fuel,39.81,online,fuel,nearby_region
C006-T030,C006,2026-02-20T15:06:08,Dining purchase at Cloud Bistro,Cloud Bistro,8.89,ach,dining,home_region
C006-T015,C006,2026-02-23T17:09:48,Fitness purchase at Luma Utilities,Luma Utilities,130.61,ach,fitness,home_region
C006-T067,C006,2026-02-23T20:47:37,Utilities purchase at Orbit Telecom,Orbit Telecom,121.66,online,utilities,home_region
C006-T005,C006,2026-02-25T16:29:23,Groceries purchase at Metro Grocery,Metro Grocery,89.55,online,groceries,nearby_region
C006-T020,C006,2026-02-28T13:35:24,Fitness purchase at Luma Utilities,Luma Utilities,32.52,online,fitness,home_region
C006-T009,C006,2026-03-06T13:17:50,Fitness purchase at Luma Utilities,Luma Utilities,18.43,ach,fitness,home_region
C006-T001,C006,2026-03-07T20:52:31,Retail purchase at Bright Fitness,Bright Fitness,68.83,online,retail,home_region
C006-T066,C006,2026-03-09T13:55:52,Transport purchase at City Transit,City Transit,65.96,card,transport,home_region
C006-T028,C006,2026-03-10T15:09:04,Fuel purchase at North Fuel,North Fuel,65.38,ach,fuel,home_region
C006-T063,C006,2026-03-15T10:49:29,Retail purchase at Bright Fitness,Bright Fitness,80.56,card,retail,nearby_region
C006-T070,C006,2026-03-16T17:17:54,Transport purchase at City Transit,City Transit,25.9,ach,transport,home_region
C006-T033,C006,2026-03-23T12:47:44,Retail purchase at Bright Fitness,Bright Fitness,135.74,card,retail,home_region
C006-T069,C006,2026-03-31T16:17:38,Fuel purchase at North Fuel,North Fuel,50.72,online,fuel,home_region
C006-T038,C006,2026-04-07T09:28:38,Retail purchase at Bright Fitness,Bright Fitness,84.86,online,retail,nearby_region
C006-T034,C006,2026-04-07T12:52:50,Fitness purchase at Luma Utilities,Luma Utilities,56.18,online,fitness,home_region
C006-T031,C006,2026-04-08T20:55:21,Retail purchase at Bright Fitness,Bright Fitness,52.19,online,retail,nearby_region
C006-T017,C006,2026-04-09T20:47:08,Transport purchase at City Transit,City Transit,74.1,ach,transport,home_region
C006-T054,C006,2026-04-10T17:25:37,Transport purchase at City Transit,City Transit,53.93,ach,transport,nearby_region
C006-T050,C006,2026-04-12T08:47:39,Health purchase at River Pharmacy,River Pharmacy,67.34,ach,health,home_region
C006-T019,C006,2026-04-12T20:20:01,Dining purchase at Cloud Bistro,Cloud Bistro,111.43,ach,dining,home_region
C006-T061,C006,2026-04-15T18:31:26,Retail purchase at Bright Fitness,Bright Fitness,72.51,card,retail,nearby_region
C006-T039,C006,2026-04-18T16:02:50,Utilities purchase at Orbit Telecom,Orbit Telecom,100.62,online,utilities,nearby_region
C006-T049,C006,2026-04-20T15:14:51,Fitness purchase at Luma Utilities,Luma Utilities,91.13,card,fitness,home_region
C006-T036,C006,2026-04-23T20:18:53,Transport purchase at City Transit,City Transit,116.1,ach,transport,home_region
C006-T046,C006,2026-05-04T13:30:06,Retail purchase at Bright Fitness,Bright Fitness,103.3,ach,retail,home_region
C006-T006,C006,2026-05-04T18:31:01,Groceries purchase at Metro Grocery,Metro Grocery,78.25,ach,groceries,home_region
C006-T029,C006,2026-05-04T20:04:23,Dining purchase at Cloud Bistro,Cloud Bistro,132.64,online,dining,home_region
C006-T060,C006,2026-05-05T10:12:52,Fitness purchase at Luma Utilities,Luma Utilities,135.23,online,fitness,home_region
C006-T058,C006,2026-05-05T18:34:44,Fuel purchase at North Fuel,North Fuel,81.25,ach,fuel,home_region
C006-T044,C006,2026-05-09T10:22:01,Retail purchase at Bright Fitness,Bright Fitness,21.8,ach,retail,home_region
C006-T057,C006,2026-05-11T14:26:38,Fuel purchase at North Fuel,North Fuel,83.87,ach,fuel,home_region
C006-T003,C006,2026-05-15T08:53:54,Transport purchase at City Transit,City Transit,132.76,online,transport,home_region
C006-T035,C006,2026-05-20T10:43:49,Groceries purchase at Metro Grocery,Metro Grocery,133.8,ach,groceries,home_region
C006-T065,C006,2026-05-20T11:27:06,Health purchase at River Pharmacy,River Pharmacy,47.3,card,health,home_region
C006-T014,C006,2026-05-20T17:42:02,Fuel purchase at North Fuel,North Fuel,130.6,ach,fuel,home_region
C006-T016,C006,2026-05-25T11:36:53,Fitness purchase at Luma Utilities,Luma Utilities,97.37,online,fitness,home_region
C006-T010,C006,2026-05-25T11:44:14,Dining purchase at Cloud Bistro,Cloud Bistro,98.29,card,dining,home_region
C006-T041,C006,2026-05-25T18:43:41,Fitness purchase at Luma Utilities,Luma Utilities,135.62,ach,fitness,home_region
C006-T071,C006,2026-05-26T13:40:00,International luxury retail purchase,Velour Luxe Global,310.0,wire,luxury_retail,overseas_region
C006-T027,C006,2026-05-27T16:10:43,Fitness purchase at Luma Utilities,Luma Utilities,30.37,ach,fitness,home_region
C006-T043,C006,2026-05-29T19:36:14,Retail purchase at Bright Fitness,Bright Fitness,57.38,ach,retail,nearby_region
C007-T012,C007,2026-01-01T11:30:04,Fuel purchase at North Fuel,North Fuel,86.37,online,fuel,home_region
C007-T013,C007,2026-01-03T08:44:21,Transport purchase at City Transit,City Transit,138.44,ach,transport,home_region
C007-T036,C007,2026-01-04T11:02:30,Utilities purchase at Orbit Telecom,Orbit Telecom,58.55,card,utilities,home_region
C007-T062,C007,2026-01-09T17:39:39,Health purchase at River Pharmacy,River Pharmacy,93.44,ach,health,home_region
C007-T037,C007,2026-01-10T16:51:58,Fitness purchase at Luma Utilities,Luma Utilities,37.64,card,fitness,home_region
C007-T054,C007,2026-01-11T11:53:54,Utilities purchase at Orbit Telecom,Orbit Telecom,27.58,online,utilities,home_region
C007-T008,C007,2026-01-12T09:40:50,Retail purchase at Bright Fitness,Bright Fitness,10.15,card,retail,home_region
C007-T011,C007,2026-01-14T14:40:19,Health purchase at River Pharmacy,River Pharmacy,64.66,card,health,home_region
C007-T034,C007,2026-01-15T15:54:36,Fuel purchase at North Fuel,North Fuel,56.53,ach,fuel,home_region
C007-T067,C007,2026-01-15T20:30:33,Utilities purchase at Orbit Telecom,Orbit Telecom,109.22,card,utilities,home_region
C007-T025,C007,2026-01-16T20:25:32,Dining purchase at Cloud Bistro,Cloud Bistro,90.97,online,dining,home_region
C007-T033,C007,2026-01-17T12:45:36,Transport purchase at City Transit,City Transit,73.49,online,transport,home_region
C007-T016,C007,2026-01-18T16:36:00,Fuel purchase at North Fuel,North Fuel,66.09,online,fuel,home_region
C007-T048,C007,2026-01-20T17:36:03,Fitness purchase at Luma Utilities,Luma Utilities,95.44,card,fitness,home_region
C007-T058,C007,2026-01-22T17:37:16,Transport purchase at City Transit,City Transit,10.88,card,transport,home_region
C007-T053,C007,2026-01-24T10:51:43,Dining purchase at Cloud Bistro,Cloud Bistro,117.08,online,dining,nearby_region
C007-T068,C007,2026-01-26T11:42:15,Dining purchase at Cloud Bistro,Cloud Bistro,78.45,online,dining,home_region
C007-T045,C007,2026-01-27T11:33:15,Fitness purchase at Luma Utilities,Luma Utilities,72.95,card,fitness,home_region
C007-T051,C007,2026-01-28T10:06:10,Retail purchase at Bright Fitness,Bright Fitness,69.52,ach,retail,home_region
C007-T029,C007,2026-01-30T15:39:38,Groceries purchase at Metro Grocery,Metro Grocery,48.83,online,groceries,home_region
C007-T030,C007,2026-01-31T08:45:08,Groceries purchase at Metro Grocery,Metro Grocery,29.63,ach,groceries,nearby_region
C007-T032,C007,2026-01-31T20:57:01,Utilities purchase at Orbit Telecom,Orbit Telecom,114.54,ach,utilities,nearby_region
C007-T057,C007,2026-02-01T08:03:53,Health purchase at River Pharmacy,River Pharmacy,25.25,ach,health,home_region
C007-T019,C007,2026-02-05T11:17:41,Transport purchase at City Transit,City Transit,40.76,online,transport,nearby_region
C007-T018,C007,2026-02-05T20:07:37,Fitness purchase at Luma Utilities,Luma Utilities,54.4,ach,fitness,home_region
C007-T043,C007,2026-02-08T08:59:26,Groceries purchase at Metro Grocery,Metro Grocery,38.76,ach,groceries,home_region
C007-T017,C007,2026-02-08T14:39:43,Retail purchase at Bright Fitness,Bright Fitness,121.52,card,retail,home_region
C007-T060,C007,2026-02-13T17:27:52,Fitness purchase at Luma Utilities,Luma Utilities,73.49,ach,fitness,home_region
C007-T061,C007,2026-02-14T13:13:58,Fuel purchase at North Fuel,North Fuel,44.3,ach,fuel,home_region
C007-T039,C007,2026-02-15T11:51:33,Groceries purchase at Metro Grocery,Metro Grocery,133.94,card,groceries,home_region
C007-T021,C007,2026-02-18T19:25:18,Groceries purchase at Metro Grocery,Metro Grocery,111.46,card,groceries,home_region
C007-T006,C007,2026-02-25T14:52:13,Retail purchase at Bright Fitness,Bright Fitness,43.45,ach,retail,home_region
C007-T069,C007,2026-02-26T17:54:51,Fitness purchase at Luma Utilities,Luma Utilities,54.83,card,fitness,home_region
C007-T070,C007,2026-03-02T17:20:51,Utilities purchase at Orbit Telecom,Orbit Telecom,128.65,card,utilities,home_region
C007-T002,C007,2026-03-05T20:53:43,Fitness purchase at Luma Utilities,Luma Utilities,72.61,online,fitness,home_region
C007-T010,C007,2026-03-12T09:41:23,Dining purchase at Cloud Bistro,Cloud Bistro,18.88,online,dining,home_region
C007-T001,C007,2026-03-12T18:08:44,Fuel purchase at North Fuel,North Fuel,40.96,online,fuel,home_region
C007-T046,C007,2026-03-13T09:02:58,Health purchase at River Pharmacy,River Pharmacy,126.44,online,health,home_region
C007-T020,C007,2026-03-14T20:44:01,Dining purchase at Cloud Bistro,Cloud Bistro,35.12,online,dining,nearby_region
C007-T040,C007,2026-03-14T20:54:19,Utilities purchase at Orbit Telecom,Orbit Telecom,19.4,ach,utilities,home_region
C007-T049,C007,2026-03-16T12:54:20,Fitness purchase at Luma Utilities,Luma Utilities,100.5,online,fitness,home_region
C007-T028,C007,2026-03-21T19:27:46,Health purchase at River Pharmacy,River Pharmacy,15.64,card,health,home_region
C007-T015,C007,2026-03-22T13:56:19,Fuel purchase at North Fuel,North Fuel,58.52,card,fuel,home_region
C007-T023,C007,2026-03-23T10:24:55,Fitness purchase at Luma Utilities,Luma Utilities,56.23,online,fitness,home_region
C007-T038,C007,2026-03-23T12:52:04,Utilities purchase at Orbit Telecom,Orbit Telecom,23.76,online,utilities,home_region
C007-T050,C007,2026-03-23T15:17:14,Transport purchase at City Transit,City Transit,132.55,card,transport,nearby_region
C007-T044,C007,2026-03-27T08:48:42,Fitness purchase at Luma Utilities,Luma Utilities,120.07,online,fitness,home_region
C007-T055,C007,2026-04-02T14:32:03,Dining purchase at Cloud Bistro,Cloud Bistro,42.34,card,dining,home_region
C007-T041,C007,2026-04-05T11:18:36,Dining purchase at Cloud Bistro,Cloud Bistro,105.62,card,dining,home_region
C007-T004,C007,2026-04-05T15:31:20,Groceries purchase at Metro Grocery,Metro Grocery,122.7,online,groceries,home_region
C007-T042,C007,2026-04-05T17:31:49,Health purchase at River Pharmacy,River Pharmacy,104.69,online,health,home_region
C007-T047,C007,2026-04-06T15:47:05,Transport purchase at City Transit,City Transit,74.72,online,transport,home_region
C007-T022,C007,2026-04-09T09:15:31,Transport purchase at City Transit,City Transit,77.73,card,transport,home_region
C007-T066,C007,2026-04-10T12:11:01,Utilities purchase at Orbit Telecom,Orbit Telecom,86.82,card,utilities,home_region
C007-T056,C007,2026-04-14T15:35:47,Health purchase at River Pharmacy,River Pharmacy,20.5,card,health,home_region
C007-T003,C007,2026-04-17T14:28:04,Transport purchase at City Transit,City Transit,61.18,online,transport,home_region
C007-T026,C007,2026-04-19T19:25:05,Fuel purchase at North Fuel,North Fuel,44.63,ach,fuel,home_region
C007-T059,C007,2026-04-24T20:08:05,Utilities purchase at Orbit Telecom,Orbit Telecom,24.17,ach,utilities,home_region
C007-T009,C007,2026-04-27T08:27:12,Fuel purchase at North Fuel,North Fuel,124.44,ach,fuel,home_region
C007-T005,C007,2026-04-28T18:42:44,Utilities purchase at Orbit Telecom,Orbit Telecom,120.21,online,utilities,home_region
C007-T024,C007,2026-05-01T20:04:01,Transport purchase at City Transit,City Transit,9.82,card,transport,home_region
C007-T014,C007,2026-05-03T09:14:24,Transport purchase at City Transit,City Transit,104.46,card,transport,home_region
C007-T065,C007,2026-05-03T16:50:31,Utilities purchase at Orbit Telecom,Orbit Telecom,128.47,online,utilities,home_region
C007-T027,C007,2026-05-11T11:51:09,Utilities purchase at Orbit Telecom,Orbit Telecom,59.58,online,utilities,home_region
C007-T031,C007,2026-05-13T20:52:46,Dining purchase at Cloud Bistro,Cloud Bistro,30.04,card,dining,home_region
C007-T064,C007,2026-05-15T11:40:51,Groceries purchase at Metro Grocery,Metro Grocery,138.6,online,groceries,home_region
C007-T052,C007,2026-05-18T13:49:13,Retail purchase at Bright Fitness,Bright Fitness,48.7,ach,retail,home_region
C007-T063,C007,2026-05-21T15:03:05,Dining purchase at Cloud Bistro,Cloud Bistro,58.56,ach,dining,home_region
C007-T007,C007,2026-05-21T17:08:36,Retail purchase at Bright Fitness,Bright Fitness,112.06,online,retail,home_region
C007-T072,C007,2026-05-25T03:20:00,Rapid vendor settlement,QuickSpan Logistics,190,wire,logistics,overseas_region
C007-T073,C007,2026-05-25T03:21:00,Rapid vendor settlement,QuickSpan Logistics,205,wire,logistics,overseas_region
C007-T071,C007,2026-05-26T01:15:00,Urgent treasury movement,Helios Treasury Desk,3200.0,wire,treasury,overseas_region
C007-T074,C007,2026-05-26T03:22:00,Rapid vendor settlement,QuickSpan Logistics,220,wire,logistics,overseas_region
C007-T035,C007,2026-05-27T18:46:07,Health purchase at River Pharmacy,River Pharmacy,105.78,card,health,home_region
